[{"code": "094", "name": "Thành phố Điện Biên Phủ", "type": "Thành phố"}, {"code": "095", "name": "Thị Xã Mường Lay", "type": "Thị xã"}, {"code": "096", "name": "Huyện Mường Nhé", "type": "Huyện"}, {"code": "097", "name": "Huyện Mường Chà", "type": "Huyện"}, {"code": "098", "name": "Huyện Tủa Chùa", "type": "Huyện"}, {"code": "099", "name": "Huyện Tuần Giáo", "type": "Huyện"}, {"code": "100", "name": "Huyện Điện Biên", "type": "Huyện"}, {"code": "101", "name": "Huyện Điện Biên Đông", "type": "Huyện"}, {"code": "102", "name": "Huyện Mường Ảng", "type": "Huyện"}, {"code": "103", "name": "Huyện Nậm Pồ", "type": "Huyện"}]