[{"code": "116", "name": "Thành phố Sơn La", "type": "Thành phố"}, {"code": "118", "name": "Huyện Quỳnh Nhai", "type": "Huyện"}, {"code": "119", "name": "Huyện Thuận Châu", "type": "Huyện"}, {"code": "120", "name": "Huyện Mường La", "type": "Huyện"}, {"code": "121", "name": "Huyện Bắc Yên", "type": "Huyện"}, {"code": "122", "name": "Huyện Phù Yên", "type": "Huyện"}, {"code": "123", "name": "Thị xã Mộc Châu", "type": "Thị xã"}, {"code": "124", "name": "Huyện Yên Châu", "type": "Huyện"}, {"code": "125", "name": "Huyện Mai Sơn", "type": "Huyện"}, {"code": "126", "name": "Huyện Sông Mã", "type": "Huyện"}, {"code": "127", "name": "Huyện Sốp Cộp", "type": "Huyện"}, {"code": "128", "name": "Huyện Vân Hồ", "type": "Huyện"}]