[{"code": "193", "name": "Thành phố Hạ Long", "type": "Thành phố"}, {"code": "194", "name": "Thành phố Móng Cái", "type": "Thành phố"}, {"code": "195", "name": "Thành phố Cẩm Phả", "type": "Thành phố"}, {"code": "196", "name": "Thành phố Uông Bí", "type": "Thành phố"}, {"code": "198", "name": "Huyện Bình Liêu", "type": "Huyện"}, {"code": "199", "name": "Huyện Tiên Yên", "type": "Huyện"}, {"code": "200", "name": "Huyện Đầm Hà", "type": "Huyện"}, {"code": "201", "name": "Huyện Hải Hà", "type": "Huyện"}, {"code": "202", "name": "Huyện Ba Chẽ", "type": "Huyện"}, {"code": "203", "name": "Huyện Vân Đồn", "type": "Huyện"}, {"code": "205", "name": "Thành phố Đông Triều", "type": "Thành phố"}, {"code": "206", "name": "Thị xã Quảng Yên", "type": "Thị xã"}, {"code": "207", "name": "Huyện Cô Tô", "type": "Huyện"}]