[{"code": "227", "name": "Thành phố Việt Trì", "type": "Thành phố"}, {"code": "228", "name": "Thị xã Phú Thọ", "type": "Thị xã"}, {"code": "230", "name": "Huyện Đoan Hùng", "type": "Huyện"}, {"code": "231", "name": "Huyện Hạ Hoà", "type": "Huyện"}, {"code": "232", "name": "Huyện Thanh Ba", "type": "Huyện"}, {"code": "233", "name": "Huyện Phù Ninh", "type": "Huyện"}, {"code": "234", "name": "Huyện Yên Lập", "type": "Huyện"}, {"code": "235", "name": "Huyện Cẩm Khê", "type": "Huyện"}, {"code": "236", "name": "Huyện Tam Nông", "type": "Huyện"}, {"code": "237", "name": "Huyện Lâm Thao", "type": "Huyện"}, {"code": "238", "name": "Huyện Thanh Sơn", "type": "Huyện"}, {"code": "239", "name": "Huyện Thanh Thuỷ", "type": "Huyện"}, {"code": "240", "name": "Huyện Tân Sơn", "type": "Huyện"}]