[{"code": "256", "name": "Thành phố Bắc Ninh", "type": "Thành phố"}, {"code": "258", "name": "Huyện Yên Phong", "type": "Huyện"}, {"code": "259", "name": "Thị xã Quế Võ", "type": "Thị xã"}, {"code": "260", "name": "Huyện Tiên Du", "type": "Huyện"}, {"code": "261", "name": "Thành phố Từ Sơn", "type": "Thành phố"}, {"code": "262", "name": "Thị xã Thuận Thành", "type": "Thị xã"}, {"code": "263", "name": "Huyện Gia Bình", "type": "Huyện"}, {"code": "264", "name": "Huyện Lương Tài", "type": "Huyện"}]