[{"code": "288", "name": "Thành phố Hải Dương", "type": "Thành phố"}, {"code": "290", "name": "Thành phố Chí Linh", "type": "Thành phố"}, {"code": "291", "name": "Huyện Nam Sách", "type": "Huyện"}, {"code": "292", "name": "Thị xã Kinh Môn", "type": "Thị xã"}, {"code": "293", "name": "Huyện Kim Thành", "type": "Huyện"}, {"code": "294", "name": "Huyện Thanh Hà", "type": "Huyện"}, {"code": "295", "name": "Huyện Cẩm Giàng", "type": "Huyện"}, {"code": "296", "name": "Huyện Bình Giang", "type": "Huyện"}, {"code": "297", "name": "Huyện Gia Lộc", "type": "Huyện"}, {"code": "298", "name": "Huyện Tứ Kỳ", "type": "Huyện"}, {"code": "299", "name": "Huyện Ninh Giang", "type": "Huyện"}, {"code": "300", "name": "Huyện Thanh Miện", "type": "Huyện"}]