[{"code": "380", "name": "Thành phố Thanh Hóa", "type": "Thành phố"}, {"code": "381", "name": "Thị xã Bỉm Sơn", "type": "Thị xã"}, {"code": "382", "name": "Thành phố Sầm Sơn", "type": "Thành phố"}, {"code": "384", "name": "Huyện Mường Lát", "type": "Huyện"}, {"code": "385", "name": "Huyện Quan Hóa", "type": "Huyện"}, {"code": "386", "name": "Huyện Bá Thước", "type": "Huyện"}, {"code": "387", "name": "Huyện Quan Sơn", "type": "Huyện"}, {"code": "388", "name": "Huyện Lang Chánh", "type": "Huyện"}, {"code": "389", "name": "Huyện Ngọc Lặc", "type": "Huyện"}, {"code": "390", "name": "Huyện Cẩm Thủy", "type": "Huyện"}, {"code": "391", "name": "Huyện Thạch Thành", "type": "Huyện"}, {"code": "392", "name": "Huyện Hà Trung", "type": "Huyện"}, {"code": "393", "name": "Huyện Vĩnh Lộc", "type": "Huyện"}, {"code": "394", "name": "Huyện Yên Định", "type": "Huyện"}, {"code": "395", "name": "Huyện Thọ Xuân", "type": "Huyện"}, {"code": "396", "name": "Huyện Thường Xuân", "type": "Huyện"}, {"code": "397", "name": "Huyện Triệu Sơn", "type": "Huyện"}, {"code": "398", "name": "Huyện Thiệu Hóa", "type": "Huyện"}, {"code": "399", "name": "Huyện Hoằng Hóa", "type": "Huyện"}, {"code": "400", "name": "Huyện Hậu Lộc", "type": "Huyện"}, {"code": "401", "name": "Huyện Nga Sơn", "type": "Huyện"}, {"code": "402", "name": "Huyện Như Xuân", "type": "Huyện"}, {"code": "403", "name": "Huyện Như Thanh", "type": "Huyện"}, {"code": "404", "name": "Huyện Nông Cống", "type": "Huyện"}, {"code": "406", "name": "Huyện Quảng Xương", "type": "Huyện"}, {"code": "407", "name": "Thị xã Nghi Sơn", "type": "Thị xã"}]