[{"code": "412", "name": "Thành phố Vinh", "type": "Thành phố"}, {"code": "414", "name": "Thị xã Thái Hoà", "type": "Thị xã"}, {"code": "415", "name": "Huyện Quế Phong", "type": "Huyện"}, {"code": "416", "name": "Huyện Quỳ Châu", "type": "Huyện"}, {"code": "417", "name": "Huyện Kỳ Sơn", "type": "Huyện"}, {"code": "418", "name": "Huyện Tương Dương", "type": "Huyện"}, {"code": "419", "name": "Huyện Nghĩa Đàn", "type": "Huyện"}, {"code": "420", "name": "Huyện Quỳ Hợp", "type": "Huyện"}, {"code": "421", "name": "Huyện Quỳnh Lưu", "type": "Huyện"}, {"code": "422", "name": "Huyện Con Cuông", "type": "Huyện"}, {"code": "423", "name": "Huyện Tân Kỳ", "type": "Huyện"}, {"code": "424", "name": "Huyện Anh Sơn", "type": "Huyện"}, {"code": "425", "name": "Huyện Diễn Châu", "type": "Huyện"}, {"code": "426", "name": "Huyện Yên Thành", "type": "Huyện"}, {"code": "427", "name": "Huyện Đô Lương", "type": "Huyện"}, {"code": "428", "name": "Huyện Thanh Chương", "type": "Huyện"}, {"code": "429", "name": "Huyện Nghi Lộc", "type": "Huyện"}, {"code": "430", "name": "Huyện Nam Đàn", "type": "Huyện"}, {"code": "431", "name": "Huyện Hưng Nguyên", "type": "Huyện"}, {"code": "432", "name": "Thị xã Hoàng Mai", "type": "Thị xã"}]