[{"code": "474", "name": "Quận Thuận Hóa", "type": "Quận"}, {"code": "475", "name": "Quận Phú Xuân", "type": "Quận"}, {"code": "476", "name": "Thị xã Phong Điền", "type": "Thị xã"}, {"code": "477", "name": "Huyện Quảng Điền", "type": "Huyện"}, {"code": "478", "name": "Huyện Phú Vang", "type": "Huyện"}, {"code": "479", "name": "Thị xã Hương Thủy", "type": "Thị xã"}, {"code": "480", "name": "Thị xã Hương Trà", "type": "Thị xã"}, {"code": "481", "name": "Huyện A Lưới", "type": "Huyện"}, {"code": "482", "name": "Huyện Phú Lộc", "type": "Huyện"}]