[{"code": "540", "name": "Thành phố Quy Nhơn", "type": "Thành phố"}, {"code": "542", "name": "Huyện An Lão", "type": "Huyện"}, {"code": "543", "name": "Thị xã Hoài Nhơn", "type": "Thị xã"}, {"code": "544", "name": "Huyện Hoài Ân", "type": "Huyện"}, {"code": "545", "name": "Huyện Phù Mỹ", "type": "Huyện"}, {"code": "546", "name": "Huyện Vĩnh Thạnh", "type": "Huyện"}, {"code": "547", "name": "Huyện Tây Sơn", "type": "Huyện"}, {"code": "548", "name": "Huyện Phù Cát", "type": "Huyện"}, {"code": "549", "name": "Thị xã An Nhơn", "type": "Thị xã"}, {"code": "550", "name": "Huyện Tuy Phước", "type": "Huyện"}, {"code": "551", "name": "Huyện Vân Canh", "type": "Huyện"}]