[{"code": "622", "name": "Thành phố Pleiku", "type": "Thành phố"}, {"code": "623", "name": "Thị xã An Khê", "type": "Thị xã"}, {"code": "624", "name": "Thị xã Ayun Pa", "type": "Thị xã"}, {"code": "625", "name": "Huyện KBang", "type": "Huyện"}, {"code": "626", "name": "Huyện Đăk Đoa", "type": "Huyện"}, {"code": "627", "name": "Huyện Chư Păh", "type": "Huyện"}, {"code": "628", "name": "Huyện Ia Grai", "type": "Huyện"}, {"code": "629", "name": "Huyện Mang Yang", "type": "Huyện"}, {"code": "630", "name": "Huyện Kông Chro", "type": "Huyện"}, {"code": "631", "name": "Huyện Đức Cơ", "type": "Huyện"}, {"code": "632", "name": "Huyện Chư Prông", "type": "Huyện"}, {"code": "633", "name": "Huyện Chư Sê", "type": "Huyện"}, {"code": "634", "name": "Huyện Đăk Pơ", "type": "Huyện"}, {"code": "635", "name": "Huyện Ia Pa", "type": "Huyện"}, {"code": "637", "name": "Huyện Krông Pa", "type": "Huyện"}, {"code": "638", "name": "Huyện Phú Thiện", "type": "Huyện"}, {"code": "639", "name": "Huyện Chư Pưh", "type": "Huyện"}]