[{"code": "731", "name": "Thành phố Biên Hòa", "type": "Thành phố"}, {"code": "732", "name": "Thành phố Long Khánh", "type": "Thành phố"}, {"code": "734", "name": "Huyện Tân Phú", "type": "Huyện"}, {"code": "735", "name": "Huyện Vĩnh Cửu", "type": "Huyện"}, {"code": "736", "name": "Huyện Định Quán", "type": "Huyện"}, {"code": "737", "name": "Huyện Trảng Bom", "type": "Huyện"}, {"code": "738", "name": "Huyện Thống Nhất", "type": "Huyện"}, {"code": "739", "name": "Huyện Cẩm Mỹ", "type": "Huyện"}, {"code": "740", "name": "Huyện Long Thành", "type": "Huyện"}, {"code": "741", "name": "Huyện Xuân Lộc", "type": "Huyện"}, {"code": "742", "name": "Huyện Nhơn Trạch", "type": "Huyện"}]