[{"code": "941", "name": "Thành phố Sóc Trăng", "type": "Thành phố"}, {"code": "942", "name": "Huyện Châu Thành", "type": "Huyện"}, {"code": "943", "name": "Huyện Kế Sách", "type": "Huyện"}, {"code": "944", "name": "Huyện Mỹ Tú", "type": "Huyện"}, {"code": "945", "name": "Huyện Cù Lao Dung", "type": "Huyện"}, {"code": "946", "name": "Huyện Long Phú", "type": "Huyện"}, {"code": "947", "name": "Huyện Mỹ Xuyên", "type": "Huyện"}, {"code": "948", "name": "Thị xã Ngã Năm", "type": "Thị xã"}, {"code": "949", "name": "Huyện Thạnh Trị", "type": "Huyện"}, {"code": "950", "name": "Thị xã Vĩnh Châu", "type": "Thị xã"}, {"code": "951", "name": "Huyện Trần Đề", "type": "Huyện"}]