[{"code": "02902", "name": "Thị trấn N.T Phong Hải", "type": "Thị trấn"}, {"code": "02905", "name": "Thị trấn Phố Lu", "type": "Thị trấn"}, {"code": "02908", "name": "Thị trấn Tằng Loỏng", "type": "Thị trấn"}, {"code": "02911", "name": "Xã Bản Phiệt", "type": "Xã"}, {"code": "02914", "name": "Xã Bản Cầm", "type": "Xã"}, {"code": "02917", "name": "Xã Thái Niên", "type": "Xã"}, {"code": "02920", "name": "Xã Phong Niên", "type": "Xã"}, {"code": "02923", "name": "Xã Gia Phú", "type": "Xã"}, {"code": "02926", "name": "Xã Xuân Quang", "type": "Xã"}, {"code": "02929", "name": "Xã Sơn Hải", "type": "Xã"}, {"code": "02932", "name": "Xã Xuân Giao", "type": "Xã"}, {"code": "02935", "name": "Xã Trì Quang", "type": "Xã"}, {"code": "02938", "name": "Xã Sơn Hà", "type": "Xã"}, {"code": "02944", "name": "Xã Phú Nhuận", "type": "Xã"}]