[{"code": "03203", "name": "Thị trấn Điện Biên Đông", "type": "Thị trấn"}, {"code": "03205", "name": "Xã Na Son", "type": "Xã"}, {"code": "03208", "name": "Xã Phì Nhừ", "type": "Xã"}, {"code": "03211", "name": "Xã Chiềng Sơ", "type": "Xã"}, {"code": "03214", "name": "Xã Mường Luân", "type": "Xã"}, {"code": "03370", "name": "Xã Pú Nhi", "type": "Xã"}, {"code": "03371", "name": "Xã Nong U", "type": "Xã"}, {"code": "03373", "name": "Xã Xa Dung", "type": "Xã"}, {"code": "03376", "name": "Xã Keo Lôm", "type": "Xã"}, {"code": "03379", "name": "Xã Luân Giới", "type": "Xã"}, {"code": "03382", "name": "Xã Phình Giàng", "type": "Xã"}, {"code": "03383", "name": "Xã Pú Hồng", "type": "Xã"}, {"code": "03384", "name": "Xã Tìa Dình", "type": "Xã"}, {"code": "03385", "name": "Xã Háng Lìa", "type": "Xã"}]