[{"code": "04063", "name": "Xã Chiềng Đông", "type": "Xã"}, {"code": "04066", "name": "Xã Sặp Vạt", "type": "Xã"}, {"code": "04069", "name": "Xã Chiềng Sàng", "type": "Xã"}, {"code": "04072", "name": "Xã Chiềng Pằn", "type": "Xã"}, {"code": "04075", "name": "Thị trấn Yên Châu", "type": "Thị trấn"}, {"code": "04078", "name": "Xã Chiềng Hặc", "type": "Xã"}, {"code": "04081", "name": "Xã Mường Lựm", "type": "Xã"}, {"code": "04084", "name": "Xã Chiềng On", "type": "Xã"}, {"code": "04087", "name": "Xã Yên Sơn", "type": "Xã"}, {"code": "04090", "name": "Xã Chiềng Khoi", "type": "Xã"}, {"code": "04093", "name": "Xã Tú Nang", "type": "Xã"}, {"code": "04096", "name": "Xã Lóng Phiêng", "type": "Xã"}, {"code": "04099", "name": "Xã Phiêng Khoài", "type": "Xã"}, {"code": "04102", "name": "Xã Chiềng Tương", "type": "Xã"}]