[{"code": "04105", "name": "Thị trấn Hát Lót", "type": "Thị trấn"}, {"code": "04108", "name": "Xã Chiềng Sung", "type": "Xã"}, {"code": "04111", "name": "Xã Mường Bằng", "type": "Xã"}, {"code": "04114", "name": "Xã Chiềng Chăn", "type": "Xã"}, {"code": "04117", "name": "Xã Mương Chanh", "type": "Xã"}, {"code": "04120", "name": "Xã Chiềng Ban", "type": "Xã"}, {"code": "04123", "name": "Xã Chiềng Mung", "type": "Xã"}, {"code": "04126", "name": "Xã Mường Bon", "type": "Xã"}, {"code": "04129", "name": "Xã Chiềng Chung", "type": "Xã"}, {"code": "04132", "name": "Xã Chiềng Mai", "type": "Xã"}, {"code": "04135", "name": "Xã Hát Lót", "type": "Xã"}, {"code": "04136", "name": "Xã Nà Pó", "type": "Xã"}, {"code": "04138", "name": "Xã Cò  Nòi", "type": "Xã"}, {"code": "04141", "name": "Xã Chiềng Nơi", "type": "Xã"}, {"code": "04144", "name": "Xã Phiêng Cằm", "type": "Xã"}, {"code": "04147", "name": "Xã Chiềng Dong", "type": "Xã"}, {"code": "04150", "name": "Xã Chiềng Kheo", "type": "Xã"}, {"code": "04153", "name": "Xã Chiềng Ve", "type": "Xã"}, {"code": "04156", "name": "Xã Chiềng Lương", "type": "Xã"}, {"code": "04159", "name": "Xã Phiêng Pằn", "type": "Xã"}, {"code": "04162", "name": "Xã Nà Ơt", "type": "Xã"}, {"code": "04165", "name": "Xã Tà Hộc", "type": "Xã"}]