[{"code": "05089", "name": "Thị trấn Cao Phong", "type": "Thị trấn"}, {"code": "05092", "name": "Xã Bình Thanh", "type": "Xã"}, {"code": "05095", "name": "Xã Thung Nai", "type": "Xã"}, {"code": "05098", "name": "Xã Bắc Phong", "type": "Xã"}, {"code": "05101", "name": "Xã Thu Phong", "type": "Xã"}, {"code": "05104", "name": "Xã Hợp Phong", "type": "Xã"}, {"code": "05110", "name": "Xã Tây Phong", "type": "Xã"}, {"code": "05116", "name": "Xã Dũng Phong", "type": "Xã"}, {"code": "05119", "name": "Xã Nam Phong", "type": "Xã"}, {"code": "05125", "name": "Xã Thạch Yên", "type": "Xã"}]