[{"code": "08152", "name": "Thị trấn Thanh Ba", "type": "Thị trấn"}, {"code": "08156", "name": "Xã Vân Lĩnh", "type": "Xã"}, {"code": "08158", "name": "Xã Đông Lĩnh", "type": "Xã"}, {"code": "08161", "name": "Xã Đại An", "type": "Xã"}, {"code": "08164", "name": "Xã Hanh Cù", "type": "Xã"}, {"code": "08170", "name": "Xã Đồng Xuân", "type": "Xã"}, {"code": "08173", "name": "Xã Quảng Yên", "type": "Xã"}, {"code": "08179", "name": "Xã Ninh Dân", "type": "Xã"}, {"code": "08194", "name": "Xã Võ Lao", "type": "Xã"}, {"code": "08197", "name": "Xã Khải Xuân", "type": "Xã"}, {"code": "08200", "name": "Xã Mạn Lạn", "type": "Xã"}, {"code": "08203", "name": "Xã Hoàng Cương", "type": "Xã"}, {"code": "08206", "name": "Xã Chí Tiên", "type": "Xã"}, {"code": "08209", "name": "Xã Đông Thành", "type": "Xã"}, {"code": "08215", "name": "Xã Sơn Cương", "type": "Xã"}, {"code": "08218", "name": "Xã Thanh Hà", "type": "Xã"}, {"code": "08221", "name": "Xã Đỗ Sơn", "type": "Xã"}, {"code": "08224", "name": "Xã Đỗ Xuyên", "type": "Xã"}, {"code": "08227", "name": "Xã Lương Lỗ", "type": "Xã"}]