[{"code": "08230", "name": "Thị trấn Phong Châu", "type": "Thị trấn"}, {"code": "08233", "name": "Xã Phú Mỹ", "type": "Xã"}, {"code": "08234", "name": "Xã Lệ Mỹ", "type": "Xã"}, {"code": "08236", "name": "Xã Liên Hoa", "type": "Xã"}, {"code": "08239", "name": "Xã Trạm Thản", "type": "Xã"}, {"code": "08242", "name": "Xã Trị Quận", "type": "Xã"}, {"code": "08245", "name": "Xã Trung Giáp", "type": "Xã"}, {"code": "08248", "name": "Xã Tiên Phú", "type": "Xã"}, {"code": "08251", "name": "Xã Hạ Giáp", "type": "Xã"}, {"code": "08254", "name": "Xã Bảo Thanh", "type": "Xã"}, {"code": "08257", "name": "Xã Phú Lộc", "type": "Xã"}, {"code": "08260", "name": "Xã Gia Thanh", "type": "Xã"}, {"code": "08263", "name": "Xã Tiên Du", "type": "Xã"}, {"code": "08266", "name": "Xã Phú Nham", "type": "Xã"}, {"code": "08272", "name": "Xã An Đạo", "type": "Xã"}, {"code": "08275", "name": "Xã Bình Phú", "type": "Xã"}, {"code": "08278", "name": "Xã Phù Ninh", "type": "Xã"}]