[{"code": "09784", "name": "Thị trấn Phùng", "type": "Thị trấn"}, {"code": "09787", "name": "Xã Trung Châu", "type": "Xã"}, {"code": "09790", "name": "Xã Thọ An", "type": "Xã"}, {"code": "09793", "name": "Xã Thọ Xuân", "type": "Xã"}, {"code": "09796", "name": "Xã Hồng Hà", "type": "Xã"}, {"code": "09799", "name": "Xã Liên Hồng", "type": "Xã"}, {"code": "09802", "name": "Xã Liên Hà", "type": "Xã"}, {"code": "09805", "name": "Xã Hạ Mỗ", "type": "Xã"}, {"code": "09808", "name": "Xã Liên Trung", "type": "Xã"}, {"code": "09811", "name": "Xã Phương Đình", "type": "Xã"}, {"code": "09814", "name": "Xã Thượng Mỗ", "type": "Xã"}, {"code": "09817", "name": "Xã Tân Hội", "type": "Xã"}, {"code": "09820", "name": "Xã Tân Lập", "type": "Xã"}, {"code": "09823", "name": "Xã Đan Phượng", "type": "Xã"}, {"code": "09826", "name": "Xã Đồng Tháp", "type": "Xã"}, {"code": "09829", "name": "Xã Song Phượng", "type": "Xã"}]