[{"code": "10888", "name": "Thị trấn Cẩm Giang", "type": "Thị trấn"}, {"code": "10891", "name": "Thị trấn Lai Cách", "type": "Thị trấn"}, {"code": "10894", "name": "Xã Cẩm Hưng", "type": "Xã"}, {"code": "10897", "name": "Xã Cẩm Hoàng", "type": "Xã"}, {"code": "10900", "name": "Xã Cẩm Văn", "type": "Xã"}, {"code": "10903", "name": "Xã Ngọc Liên", "type": "Xã"}, {"code": "10909", "name": "Xã Cẩm Vũ", "type": "Xã"}, {"code": "10912", "name": "Xã Đức Chính", "type": "Xã"}, {"code": "10918", "name": "Xã Định Sơn", "type": "Xã"}, {"code": "10924", "name": "Xã Lương Điền", "type": "Xã"}, {"code": "10927", "name": "Xã Cao An", "type": "Xã"}, {"code": "10930", "name": "Xã Tân Trường", "type": "Xã"}, {"code": "10933", "name": "Xã Phúc Điền", "type": "Xã"}, {"code": "10939", "name": "Xã Cẩm Đông", "type": "Xã"}, {"code": "10942", "name": "Xã Cẩm Đoài", "type": "Xã"}]