[{"code": "11239", "name": "Thị trấn Thanh Miện", "type": "Thị trấn"}, {"code": "11242", "name": "Xã Thanh Tùng", "type": "Xã"}, {"code": "11245", "name": "Xã Phạm Kha", "type": "Xã"}, {"code": "11248", "name": "Xã Ngô Quyền", "type": "Xã"}, {"code": "11251", "name": "Xã Đoàn Tùng", "type": "Xã"}, {"code": "11254", "name": "Xã Hồng Quang", "type": "Xã"}, {"code": "11257", "name": "Xã Tân Trào", "type": "Xã"}, {"code": "11260", "name": "Xã Lam Sơn", "type": "Xã"}, {"code": "11263", "name": "Xã Đoàn Kết", "type": "Xã"}, {"code": "11266", "name": "Xã Lê Hồng", "type": "Xã"}, {"code": "11269", "name": "Xã Tứ Cường", "type": "Xã"}, {"code": "11275", "name": "Xã Ngũ Hùng", "type": "Xã"}, {"code": "11278", "name": "Xã Cao Thắng", "type": "Xã"}, {"code": "11281", "name": "Xã Chi Lăng Bắc", "type": "Xã"}, {"code": "11284", "name": "Xã Chi Lăng Nam", "type": "Xã"}, {"code": "11287", "name": "Xã Thanh Giang", "type": "Xã"}, {"code": "11293", "name": "Xã Hồng Phong", "type": "Xã"}]