[{"code": "12142", "name": "Thị trấn Ân Thi", "type": "Thị trấn"}, {"code": "12145", "name": "Xã Phù Ủng", "type": "Xã"}, {"code": "12148", "name": "Xã Bắc Sơn", "type": "Xã"}, {"code": "12151", "name": "Xã Bãi Sậy", "type": "Xã"}, {"code": "12154", "name": "Xã Đào Dương", "type": "Xã"}, {"code": "12157", "name": "Xã Quang Vinh", "type": "Xã"}, {"code": "12160", "name": "Xã Vân Du", "type": "Xã"}, {"code": "12166", "name": "Xã Xuân Trúc", "type": "Xã"}, {"code": "12169", "name": "Xã Hoàng Hoa Thám", "type": "Xã"}, {"code": "12172", "name": "Xã Quảng Lãng", "type": "Xã"}, {"code": "12175", "name": "Xã Đa Lộc", "type": "Xã"}, {"code": "12178", "name": "Xã Đặng Lễ", "type": "Xã"}, {"code": "12181", "name": "Xã Cẩm Ninh", "type": "Xã"}, {"code": "12184", "name": "Xã Nguyễn Trãi", "type": "Xã"}, {"code": "12190", "name": "Xã Hồ Tùng Mậu", "type": "Xã"}, {"code": "12193", "name": "Xã Tiền Phong", "type": "Xã"}, {"code": "12196", "name": "Xã Hồng Quang", "type": "Xã"}, {"code": "12202", "name": "Xã Hạ Lễ", "type": "Xã"}]