[{"code": "14215", "name": "Thị trấn Yên Định", "type": "Thị trấn"}, {"code": "14218", "name": "Thị trấn Cồn", "type": "Thị trấn"}, {"code": "14221", "name": "Thị trấn Thịnh Long", "type": "Thị trấn"}, {"code": "14224", "name": "Xã Hải Nam", "type": "Xã"}, {"code": "14227", "name": "Xã Hải Trung", "type": "Xã"}, {"code": "14233", "name": "Xã Hải Minh", "type": "Xã"}, {"code": "14236", "name": "Xã Hải Anh", "type": "Xã"}, {"code": "14248", "name": "Xã Hải Hưng", "type": "Xã"}, {"code": "14254", "name": "Xã Hải Long", "type": "Xã"}, {"code": "14260", "name": "Xã Hải Đường", "type": "Xã"}, {"code": "14263", "name": "Xã Hải Lộc", "type": "Xã"}, {"code": "14266", "name": "Xã Hải Quang", "type": "Xã"}, {"code": "14269", "name": "Xã Hải Đông", "type": "Xã"}, {"code": "14272", "name": "Xã Hải Sơn", "type": "Xã"}, {"code": "14275", "name": "Xã Hải Tân", "type": "Xã"}, {"code": "14281", "name": "Xã Hải Phong", "type": "Xã"}, {"code": "14284", "name": "Xã Hải An", "type": "Xã"}, {"code": "14287", "name": "Xã Hải Tây", "type": "Xã"}, {"code": "14293", "name": "Xã Hải Phú", "type": "Xã"}, {"code": "14296", "name": "Xã Hải Giang", "type": "Xã"}, {"code": "14302", "name": "Xã Hải Ninh", "type": "Xã"}, {"code": "14308", "name": "Xã Hải Xuân", "type": "Xã"}, {"code": "14311", "name": "Xã Hải Châu", "type": "Xã"}, {"code": "14317", "name": "Xã Hải Hòa", "type": "Xã"}]