[{"code": "15271", "name": "Thị trấn Hà Trung", "type": "Thị trấn"}, {"code": "15274", "name": "Thị trấn Hà Long", "type": "Thị trấn"}, {"code": "15277", "name": "Xã Hà Vinh", "type": "Xã"}, {"code": "15280", "name": "Xã Hà Bắc", "type": "Xã"}, {"code": "15283", "name": "Xã Hoạt Giang", "type": "Xã"}, {"code": "15286", "name": "Xã Yên Dương", "type": "Xã"}, {"code": "15292", "name": "Xã Hà Giang", "type": "Xã"}, {"code": "15298", "name": "Xã Lĩnh Toại", "type": "Xã"}, {"code": "15304", "name": "Xã Hà Ngọc", "type": "Xã"}, {"code": "15307", "name": "Xã Yến Sơn", "type": "Xã"}, {"code": "15313", "name": "Xã Hà Sơn", "type": "Xã"}, {"code": "15316", "name": "Thị trấn Hà Lĩnh", "type": "Thị trấn"}, {"code": "15319", "name": "Xã Hà Đông", "type": "Xã"}, {"code": "15322", "name": "Xã Hà Tân", "type": "Xã"}, {"code": "15325", "name": "Xã Hà Tiến", "type": "Xã"}, {"code": "15328", "name": "Xã Hà Bình", "type": "Xã"}, {"code": "15331", "name": "Xã Thái Lai", "type": "Xã"}, {"code": "15334", "name": "Xã Hà Châu", "type": "Xã"}, {"code": "15343", "name": "Xã Hà Hải", "type": "Xã"}]