[{"code": "15493", "name": "Xã Xuân Hồng", "type": "Xã"}, {"code": "15499", "name": "Thị trấn Thọ Xuân", "type": "Thị trấn"}, {"code": "15502", "name": "Xã Bắc Lương", "type": "Xã"}, {"code": "15505", "name": "Xã Nam Giang", "type": "Xã"}, {"code": "15508", "name": "Xã Xuân Phong", "type": "Xã"}, {"code": "15511", "name": "Xã Thọ Lộc", "type": "Xã"}, {"code": "15514", "name": "Xã Xuân Trường", "type": "Xã"}, {"code": "15517", "name": "Xã Xuân Hòa", "type": "Xã"}, {"code": "15520", "name": "Xã Thọ Hải", "type": "Xã"}, {"code": "15523", "name": "Xã Tây Hồ", "type": "Xã"}, {"code": "15526", "name": "Xã Xuân Giang", "type": "Xã"}, {"code": "15532", "name": "Xã Xuân Sinh", "type": "Xã"}, {"code": "15535", "name": "Xã Xuân Hưng", "type": "Xã"}, {"code": "15538", "name": "Xã Thọ Diên", "type": "Xã"}, {"code": "15541", "name": "Xã Thọ Lâm", "type": "Xã"}, {"code": "15544", "name": "Xã Thọ Xương", "type": "Xã"}, {"code": "15547", "name": "Xã Xuân Bái", "type": "Xã"}, {"code": "15550", "name": "Xã Xuân Phú", "type": "Xã"}, {"code": "15553", "name": "Thị trấn Sao Vàng", "type": "Thị trấn"}, {"code": "15556", "name": "Thị trấn Lam Sơn", "type": "Thị trấn"}, {"code": "15559", "name": "Xã Xuân Thiên", "type": "Xã"}, {"code": "15565", "name": "Xã Thuận Minh", "type": "Xã"}, {"code": "15568", "name": "Xã Thọ Lập", "type": "Xã"}, {"code": "15571", "name": "Xã Quảng Phú", "type": "Xã"}, {"code": "15574", "name": "Xã Xuân Tín", "type": "Xã"}, {"code": "15577", "name": "Xã Phú Xuân", "type": "Xã"}, {"code": "15583", "name": "Xã Xuân Lai", "type": "Xã"}, {"code": "15586", "name": "Xã Xuân Lập", "type": "Xã"}, {"code": "15592", "name": "Xã Xuân Minh", "type": "Xã"}, {"code": "15598", "name": "Xã Trường Xuân", "type": "Xã"}]