[{"code": "21808", "name": "Thị trấn Phú Phong", "type": "Thị trấn"}, {"code": "21811", "name": "Xã Bình Tân", "type": "Xã"}, {"code": "21814", "name": "Xã Tây Thuận", "type": "Xã"}, {"code": "21817", "name": "Xã Bình Thuận", "type": "Xã"}, {"code": "21820", "name": "Xã Tây Giang", "type": "Xã"}, {"code": "21823", "name": "Xã Bình Thành", "type": "Xã"}, {"code": "21826", "name": "Xã Tây An", "type": "Xã"}, {"code": "21829", "name": "Xã Bình Hòa", "type": "Xã"}, {"code": "21832", "name": "Xã Tây Bình", "type": "Xã"}, {"code": "21835", "name": "Xã Bình Tường", "type": "Xã"}, {"code": "21838", "name": "Xã Tây Vinh", "type": "Xã"}, {"code": "21841", "name": "Xã Vĩnh An", "type": "Xã"}, {"code": "21844", "name": "Xã Tây Xuân", "type": "Xã"}, {"code": "21847", "name": "Xã Bình Nghi", "type": "Xã"}, {"code": "21850", "name": "Xã Tây Phú", "type": "Xã"}]