[{"code": "23005", "name": "Thị trấn Chợ Lầu", "type": "Thị trấn"}, {"code": "23008", "name": "Xã Phan Sơn", "type": "Xã"}, {"code": "23011", "name": "Xã Phan Lâm", "type": "Xã"}, {"code": "23014", "name": "Xã Bình An", "type": "Xã"}, {"code": "23017", "name": "Xã Phan Điền", "type": "Xã"}, {"code": "23020", "name": "Xã Hải Ninh", "type": "Xã"}, {"code": "23023", "name": "Xã Sông Lũy", "type": "Xã"}, {"code": "23026", "name": "Xã Phan Tiến", "type": "Xã"}, {"code": "23029", "name": "Xã Sông Bình", "type": "Xã"}, {"code": "23032", "name": "Thị trấn Lương Sơn", "type": "Thị trấn"}, {"code": "23035", "name": "Xã Phan Hòa", "type": "Xã"}, {"code": "23038", "name": "Xã Phan Thanh", "type": "Xã"}, {"code": "23041", "name": "Xã Hồng Thái", "type": "Xã"}, {"code": "23044", "name": "Xã Phan Hiệp", "type": "Xã"}, {"code": "23047", "name": "Xã Bình Tân", "type": "Xã"}, {"code": "23050", "name": "Xã Phan Rí Thành", "type": "Xã"}, {"code": "23053", "name": "Xã Hòa Thắng", "type": "Xã"}, {"code": "23056", "name": "Xã Hồng Phong", "type": "Xã"}]