[{"code": "23722", "name": "Thị trấn Phú Hòa", "type": "Thị trấn"}, {"code": "23725", "name": "Xã Hà Tây", "type": "Xã"}, {"code": "23728", "name": "Xã Ia Khươl", "type": "Xã"}, {"code": "23731", "name": "Xã Ia Phí", "type": "Xã"}, {"code": "23734", "name": "Thị trấn Ia Ly", "type": "Thị trấn"}, {"code": "23737", "name": "Xã Ia Mơ Nông", "type": "Xã"}, {"code": "23738", "name": "Xã Ia Kreng", "type": "Xã"}, {"code": "23740", "name": "Xã Đăk Tơ Ver", "type": "Xã"}, {"code": "23743", "name": "Xã Hòa Phú", "type": "Xã"}, {"code": "23746", "name": "Xã Chư Đăng Ya", "type": "Xã"}, {"code": "23749", "name": "Xã Ia Ka", "type": "Xã"}, {"code": "23752", "name": "Xã Ia Nhin", "type": "Xã"}, {"code": "23755", "name": "Xã Nghĩa Hòa", "type": "Xã"}, {"code": "23761", "name": "Xã Nghĩa Hưng", "type": "Xã"}]