[{"code": "24868", "name": "Thị trấn Nam Ban", "type": "Thị trấn"}, {"code": "24871", "name": "Thị trấn Đinh Văn", "type": "Thị trấn"}, {"code": "24880", "name": "Xã Phú Sơn", "type": "Xã"}, {"code": "24883", "name": "Xã Phi Tô", "type": "Xã"}, {"code": "24892", "name": "Xã Mê Linh", "type": "Xã"}, {"code": "24895", "name": "Xã Đạ Đờn", "type": "Xã"}, {"code": "24898", "name": "Xã Phúc Thọ", "type": "Xã"}, {"code": "24901", "name": "Xã Đông Thanh", "type": "Xã"}, {"code": "24904", "name": "Xã Gia Lâm", "type": "Xã"}, {"code": "24907", "name": "Xã Tân Thanh", "type": "Xã"}, {"code": "24910", "name": "Xã Tân Văn", "type": "Xã"}, {"code": "24913", "name": "Xã Hoài Đức", "type": "Xã"}, {"code": "24916", "name": "Xã Tân Hà", "type": "Xã"}, {"code": "24919", "name": "Xã Liên Hà", "type": "Xã"}, {"code": "24922", "name": "Xã Đan Phượng", "type": "Xã"}, {"code": "24925", "name": "Xã Nam Hà", "type": "Xã"}]