[{"code": "29182", "name": "Thị trấn Thạnh Phú", "type": "Thị trấn"}, {"code": "29185", "name": "Xã Phú Khánh", "type": "Xã"}, {"code": "29188", "name": "Xã Đại Điền", "type": "Xã"}, {"code": "29191", "name": "Xã Quới Điền", "type": "Xã"}, {"code": "29194", "name": "Xã Tân Phong", "type": "Xã"}, {"code": "29197", "name": "Xã Mỹ Hưng", "type": "Xã"}, {"code": "29200", "name": "Xã An Thạnh", "type": "Xã"}, {"code": "29203", "name": "Xã Thới Thạnh", "type": "Xã"}, {"code": "29206", "name": "Xã Hòa Lợi", "type": "Xã"}, {"code": "29209", "name": "Xã An Điền", "type": "Xã"}, {"code": "29212", "name": "Xã Bình Thạnh", "type": "Xã"}, {"code": "29215", "name": "Xã An Thuận", "type": "Xã"}, {"code": "29218", "name": "Xã An Quy", "type": "Xã"}, {"code": "29221", "name": "Xã Thạnh Hải", "type": "Xã"}, {"code": "29224", "name": "Xã An Nhơn", "type": "Xã"}, {"code": "29227", "name": "Xã Giao Thạnh", "type": "Xã"}, {"code": "29230", "name": "Xã Thạnh Phong", "type": "Xã"}, {"code": "29233", "name": "Xã Mỹ An", "type": "Xã"}]