[{"code": "30337", "name": "Thị trấn An Phú", "type": "Thị trấn"}, {"code": "30340", "name": "Xã Khánh An", "type": "Xã"}, {"code": "30341", "name": "Thị Trấn Long Bình", "type": "Thị trấn"}, {"code": "30343", "name": "Xã Khánh Bình", "type": "Xã"}, {"code": "30346", "name": "Xã Quốc Thái", "type": "Xã"}, {"code": "30349", "name": "Xã Nhơn Hội", "type": "Xã"}, {"code": "30352", "name": "Xã Phú Hữu", "type": "Xã"}, {"code": "30355", "name": "Xã Phú Hội", "type": "Xã"}, {"code": "30358", "name": "Xã Phước Hưng", "type": "Xã"}, {"code": "30361", "name": "Xã Vĩnh Lộc", "type": "Xã"}, {"code": "30364", "name": "Xã Vĩnh Hậu", "type": "Xã"}, {"code": "30367", "name": "Xã Vĩnh Trường", "type": "Xã"}, {"code": "30370", "name": "Xã Vĩnh Hội Đông", "type": "Xã"}, {"code": "30373", "name": "Thị trấn Đa Phước", "type": "Thị trấn"}]