[{"code": "30463", "name": "Thị trấn Cái Dầu", "type": "Thị trấn"}, {"code": "30466", "name": "Xã Khánh Hòa", "type": "Xã"}, {"code": "30469", "name": "Xã Mỹ Đức", "type": "Xã"}, {"code": "30472", "name": "Xã Mỹ Phú", "type": "Xã"}, {"code": "30475", "name": "Xã Ô Long Vỹ", "type": "Xã"}, {"code": "30478", "name": "Thị trấn Vĩnh Thạnh Trung", "type": "Thị trấn"}, {"code": "30481", "name": "Xã Thạnh Mỹ Tây", "type": "Xã"}, {"code": "30484", "name": "Xã Bình Long", "type": "Xã"}, {"code": "30487", "name": "Xã Bình Mỹ", "type": "Xã"}, {"code": "30490", "name": "Xã Bình Thủy", "type": "Xã"}, {"code": "30493", "name": "Xã Đào Hữu Cảnh", "type": "Xã"}, {"code": "30496", "name": "Xã Bình Phú", "type": "Xã"}, {"code": "30499", "name": "Xã Bình Chánh", "type": "Xã"}]