[{"code": "30544", "name": "Thị trấn Tri Tôn", "type": "Thị trấn"}, {"code": "30547", "name": "Thị trấn Ba Chúc", "type": "Thị trấn"}, {"code": "30550", "name": "Xã Lạc Quới", "type": "Xã"}, {"code": "30553", "name": "Xã Lê Trì", "type": "Xã"}, {"code": "30556", "name": "Xã Vĩnh Gia", "type": "Xã"}, {"code": "30559", "name": "Xã Vĩnh Phước", "type": "Xã"}, {"code": "30562", "name": "Xã Châu Lăng", "type": "Xã"}, {"code": "30565", "name": "Xã Lương Phi", "type": "Xã"}, {"code": "30568", "name": "Xã Lương An Trà", "type": "Xã"}, {"code": "30571", "name": "Xã Tà Đảnh", "type": "Xã"}, {"code": "30574", "name": "Xã Núi Tô", "type": "Xã"}, {"code": "30577", "name": "Xã An Tức", "type": "Xã"}, {"code": "30580", "name": "Thị trấn Cô Tô", "type": "Thị trấn"}, {"code": "30583", "name": "Xã Tân Tuyến", "type": "Xã"}, {"code": "30586", "name": "Xã Ô Lâm", "type": "Xã"}]